<?xml version="1.0" encoding="UTF-8"?>
<beans xmlns="http://www.springframework.org/schema/beans"
	xmlns:xsi="http://www.w3.org/2001/XMLSchema-instance"
	xsi:schemaLocation="http://www.springframework.org/schema/beans http://www.springframework.org/schema/beans/spring-beans.xsd">

	<bean id="employee" class="com.cg.ioc.Employee">
		<constructor-arg value="1001" />
		<constructor-arg value="Polo" />
		<constructor-arg value="50000" />
		<constructor-arg value="Java Full stack" />
		<constructor-arg value="22" />
		<constructor-arg ref="sbu"></constructor-arg>
	</bean>

	<bean id="sbu" class="com.cg.ioc.Sbu">
		<constructor-arg value="1001" />
		<constructor-arg value="John" />
		<constructor-arg value="Lili" />
	</bean>

</beans>
